{
   "Slide A": {
      "mean_thickness": 88.30166404743092,
      "max_thickness": 133.84015952867117
   }
}